<?xml version="1.0" encoding="UTF-8" ?>

<!DOCTYPE tiles-definitions PUBLIC
       "-//Apache Software Foundation//DTD Tiles Configuration 3.0//EN"
       "http://tiles.apache.org/dtds/tiles-config_3_0.dtd">

<tiles-definitions>

    <definition name="index" template="/WEB-INF/views/template/layout.jsp">
    <!-- include할 부분을 (key, value) 쌍으로 명시 -->
    	<put-attribute name="title" value="Spring Index"/>
    	<put-attribute name="menu" value="/WEB-INF/views/template/menu.jsp"/>
    	<put-attribute name="header" value="/WEB-INF/views/template/header.jsp"/>
    	<put-attribute name="body" value="/WEB-INF/views/body.jsp"/>
    	<put-attribute name="footer" value="/WEB-INF/views/template/footer.jsp"/>
    </definition>
    
    <!-- extends는 상속받을 페이지 -->
    <definition name="menu1" extends="index">
    	<put-attribute name="title" value="Spring menu1"/>
    	<put-attribute name="body" value="/WEB-INF/views/menu1.jsp"/>
    </definition>
    
    <definition name="menu2" extends="index">
    	<put-attribute name="title" value="Spring menu2"/>
    	<put-attribute name="body" value="/WEB-INF/views/menu2.jsp"/>
    </definition>
    
</tiles-definitions>