<?xml version="1.0" encoding="UTF-8"?>
<beans:beans xmlns="http://www.springframework.org/schema/mvc"
	xmlns:xsi="http://www.w3.org/2001/XMLSchema-instance"
	xmlns:beans="http://www.springframework.org/schema/beans"
	xmlns:context="http://www.springframework.org/schema/context"
	xsi:schemaLocation="http://www.springframework.org/schema/mvc https://www.springframework.org/schema/mvc/spring-mvc.xsd
		http://www.springframework.org/schema/beans https://www.springframework.org/schema/beans/spring-beans.xsd
		http://www.springframework.org/schema/context https://www.springframework.org/schema/context/spring-context.xsd">

	<!-- DispatcherServlet Context: defines this servlet's request-processing infrastructure -->
	
	<!-- Enables the Spring MVC @Controller programming model -->
	<annotation-driven />

	<!-- Handles HTTP GET requests for /resources/** by efficiently serving up static resources in the ${webappRoot}/resources directory -->
	<resources mapping="/resources/**" location="/resources/" />

	<!-- Resolves views selected for rendering by @Controllers to .jsp resources in the /WEB-INF/views directory -->
	<beans:bean class="org.springframework.web.servlet.view.InternalResourceViewResolver">
		<beans:property name="prefix" value="/WEB-INF/views/" />
		<beans:property name="suffix" value=".jsp" />
	</beans:bean>
	
	<!-- @Autowired, @Resource 사용을 위해 추가 -->
	<context:annotation-config/>
	
	<!-- 기본 설정, beans는 접두사 -->
	<beans:bean id="helloController" class="kr.spring.ch01.controller.HelloController"/>
	
	<!-- 파라미터로 전송된 데이터 처리 -->
	<beans:bean id="searchController" class="kr.spring.ch02.controller.SearchController"/>
	
	<!-- 데이터를 전송해서 자바빈에 담기 -->
	<beans:bean id="newArticleController" class="kr.spring.ch03.controller.NewArticleController"/>
	<beans:bean id="articleService" class="kr.spring.ch03.service.ArticleService"/>
	
	<!-- @CookieValue어노테이션을 이용한 쿠키 매핑, id는 생략 가능 -->
	<beans:bean id="cookieController" class="kr.spring.ch04.controller.CookieController"/>
	
	<!-- 데이터를 전송하고 자바빈에 전송된 데이터 저장 및 처리 -->
	<beans:bean class="kr.spring.ch05.controller.GameSearchController"/>
	<beans:bean id="searchService" class="kr.spring.ch05.service.SearchService"/>
	
	
<!-- 유효성 처리 관련 -->
	<!-- 리소스 번들 지정 -->
	<beans:bean id="messageSource" class="org.springframework.context.support.ResourceBundleMessageSource">
		<beans:property name="basenames">
			<beans:list>
				<!-- 확장자명 적을 필요 없음, 무조건 properties이기 때문 -->
				<beans:value>messages.validation</beans:value>
			</beans:list>
		</beans:property>
	</beans:bean>
	
	<!-- 폼에서 전송된 데이터 유효성 체크 -> 서버로 데이터를 모두 전송한 후 체크 -->
	<beans:bean class="kr.spring.ch06.controller.CreateAccountController"/>
	
	<!-- 로그인 처리 -->
	<beans:bean class="kr.spring.ch07.controller.LoginController"/>
	<beans:bean class="kr.spring.ch07.service.LoginService"/>
	
<!-- 파일 업로드 관련 -->
	<!-- multipartResolver 설정 -->
	<beans:bean id="multipartResolver" class="org.springframework.web.multipart.commons.CommonsMultipartResolver">
		<beans:property name="maxUploadSize" value="52428800"/> 	<!-- 50MB -->
		<beans:property name="defaultEncoding" value="UTF-8"></beans:property>
	</beans:bean>
	<!-- 업로드 경로 정보를 갖는 설정 파일 -->
	<context:property-placeholder location="classpath:config/file.properties"/>	<!-- classpath는 src를 의미 -->
	<!-- 파일 업로드 -->
	<beans:bean class="kr.spring.ch08.controller.SubmitReportController"/>

	<!-- 어노테이션을 이용한 유효성 체크 -->
	<beans:bean class="kr.spring.ch09.controller.MemberWriteController"/>
	
</beans:beans>