<?xml version="1.0" encoding="UTF-8" ?>

<!DOCTYPE tiles-definitions PUBLIC
       "-//Apache Software Foundation//DTD Tiles Configuration 3.0//EN"
       "http://tiles.apache.org/dtds/tiles-config_3_0.dtd">

<tiles-definitions>
	<definition name="boardList" extends="main">
    	<put-attribute name="title" value="게시판목록"/>
    	<put-attribute name="body" value="/WEB-INF/views/board/boardList.jsp"/>  
    </definition>
    <definition name="boardWrite" extends="main">
    	<put-attribute name="title" value="글쓰기"/>
    	<put-attribute name="body" value="/WEB-INF/views/board/boardWrite.jsp"/>  
    </definition>
    <definition name="boardView" extends="main">
    	<put-attribute name="title" value="게시판 상세정보"/>
    	<put-attribute name="body" value="/WEB-INF/views/board/boardView.jsp"/>  
    </definition>
    <definition name="boardModify" extends="main">
    	<put-attribute name="title" value="글 수정"/>
    	<put-attribute name="body" value="/WEB-INF/views/board/boardModify.jsp"/>  
    </definition>
<!--     <definition name="boardCommonView" extends="main">
    	<put-attribute name="title" value="안내"/>
    	<put-attribute name="body" value="/WEB-INF/views/common/result.jsp"/>  
    </definition> -->
    
</tiles-definitions>