<?xml version="1.0" encoding="UTF-8" ?>

<!DOCTYPE tiles-definitions PUBLIC
       "-//Apache Software Foundation//DTD Tiles Configuration 3.0//EN"
       "http://tiles.apache.org/dtds/tiles-config_3_0.dtd">

<!-- definition 설정은 한 화면당 하나 -->
<tiles-definitions>
    <definition name="memberRegister" extends="main">
    	<put-attribute name="title" value="회원가입"/>
    	<put-attribute name="body" value="/WEB-INF/views/member/memberRegister.jsp"/>  
    </definition>
    <definition name="memberLogin" extends="main">
    	<put-attribute name="title" value="회원로그인"/>
    	<put-attribute name="body" value="/WEB-INF/views/member/memberLogin.jsp"/>  
    </definition>
    <definition name="memberView" extends="main">
    	<put-attribute name="title" value="회원상세정보"/>
    	<put-attribute name="body" value="/WEB-INF/views/member/memberView.jsp"/>  
    </definition>
    <definition name="memberModify" extends="main">
    	<put-attribute name="title" value="회원정보수정"/>
    	<put-attribute name="body" value="/WEB-INF/views/member/memberModify.jsp"/>  
    </definition>
    <definition name="memberChangePassword" extends="main">
    	<put-attribute name="title" value="비밀번호변경"/>
    	<put-attribute name="body" value="/WEB-INF/views/member/memberChangePassword.jsp"/>  
    </definition>
    <definition name="memberDelete" extends="main">
    	<put-attribute name="title" value="회원탈퇴"/>
    	<put-attribute name="body" value="/WEB-INF/views/member/memberDelete.jsp"/>  
    </definition>
    
</tiles-definitions>