<?xml version="1.0" encoding="UTF-8"?>
<beans:beans xmlns="http://www.springframework.org/schema/mvc"
	xmlns:xsi="http://www.w3.org/2001/XMLSchema-instance"
	xmlns:beans="http://www.springframework.org/schema/beans"
	xmlns:context="http://www.springframework.org/schema/context"
	xmlns:p="http://www.springframework.org/schema/p"	
	xsi:schemaLocation="http://www.springframework.org/schema/mvc https://www.springframework.org/schema/mvc/spring-mvc.xsd
		http://www.springframework.org/schema/beans https://www.springframework.org/schema/beans/spring-beans.xsd
		http://www.springframework.org/schema/context https://www.springframework.org/schema/context/spring-context.xsd">
<!-- namespace p 추가함! -->

	<!-- DispatcherServlet Context: defines this servlet's request-processing infrastructure -->
	
	<!-- Enables the Spring MVC @Controller programming model -->
	<annotation-driven />

	<!-- Handles HTTP GET requests for /resources/** by efficiently serving up static resources in the ${webappRoot}/resources directory -->
	<resources mapping="/resources/**" location="/resources/" />

	<!-- Resolves views selected for rendering by @Controllers to .jsp resources in the /WEB-INF/views directory -->
	<beans:bean class="org.springframework.web.servlet.view.InternalResourceViewResolver">
		<beans:property name="prefix" value="/WEB-INF/views/" />
		<beans:property name="suffix" value=".jsp" />
		<beans:property name="order" value="1"/>	<!-- 우선순위 지정, 0이 1보다 우선순위 높음 -->
	</beans:bean>
	
	<!-- @Autowired, @Resource어노테이션 사용을 위해 명시 -->
	<context:annotation-config/>
	
	<!-- 메시지 처리 -->
	<beans:bean id="messageSource" class="org.springframework.context.support.ResourceBundleMessageSource">
		<beans:property name="basenames">
			<beans:list>
			<!-- 리스트이므로 여러 파일을 나열 가능 -->
				<beans:value>messages.validation</beans:value>
				<beans:value>messages.label</beans:value>
			</beans:list>
		</beans:property>
	</beans:bean>
	
	<!-- 로그인 처리 -->
	<beans:bean class="kr.spring.ch01.controller.LoginController"/>
	<beans:bean class="kr.spring.ch01.service.LoginService"/>	<!-- 타입 체크 -> 아이디 생략 가능-->
	
	<!-- localeResolver 지정 -->
	<beans:bean id="localeResolver" class="org.springframework.web.servlet.i18n.SessionLocaleResolver"/>
	<!-- locale(지역언어) 변경하기 -->
	<beans:bean class="kr.spring.ch02.controller.LocaleChangeController"/>
	
	<!-- 파일 다운로드 -->
	<beans:bean class="kr.spring.ch03.controller.DownloadController"/>
	<beans:bean id="download" class="kr.spring.ch03.view.DownloadView"/>
	<beans:bean id="viewResolver" class="org.springframework.web.servlet.view.BeanNameViewResolver" p:order="0"/>	<!-- 우선순위 지정 -->
	
</beans:beans>