<?xml version="1.0" encoding="UTF-8" ?>  
<!DOCTYPE mapper   
    PUBLIC "-//mybatis.org//DTD Mapper 3.0//EN"   
    "http://mybatis.org/dtd/mybatis-3-mapper.dtd">  
<mapper namespace="kr.spring.board.dao.BoardMapper">
  
  	<!-- 총 레코드 수 -->
  	<!-- <select id="getBoardCount" resultType="integer">
  		SELECT COUNT(*)
  		FROM zboard
  	</select> -->
  	
  	<!-- 목록 -->
  	<select id="getBoardList" parameterType="map" resultType="boardCommand">
  		SELECT *
  		FROM (SELECT a.*, rownum rnum
  				FROM (SELECT *
  						FROM zboard
  						ORDER BY reg_date DESC) a)
  		<![CDATA[
  			WHERE rnum >= #{start} AND rnum <= #{end}
  		]]>
  	</select>
  	
  	<!-- 글 등록 -->
  	<insert id="insertBoard" parameterType="boardCommand">
  		INSERT INTO zboard(num, writer, title, passwd, content, reg_date)
  		VALUES (zboard_seq.nextval, #{writer}, #{title}, #{passwd}, #{content}, SYSDATE)
  	</insert>
  	
  	<!-- 글 상세 -->
  	<!-- <select id="getBoard" parameterType="integer" resultType="boardCommand">
  		SELECT *
  		FROM zboard
  		WHERE num = #{num}
  	</select> -->
  	
  	<!-- 글 수정 -->
  	<!-- <update id="updateBoard" parameterType="boardCommand">
  		UPDATE zboard
  		SET writer = #{writer}, title = #{title}, content = #{content}
  		WHERE num = #{num}
  	</update> -->
  	
  	<!-- 글 삭제 -->
  	<delete id="deleteBoard" parameterType="integer">
  		DELETE
  		FROM zboard
  		WHERE num = #{num}
  	</delete>
  	
</mapper>