<?xml version="1.0" encoding="UTF-8"?>
<beans xmlns="http://www.springframework.org/schema/beans"
	xmlns:xsi="http://www.w3.org/2001/XMLSchema-instance"
	xmlns:aop="http://www.springframework.org/schema/aop"
	xmlns:context="http://www.springframework.org/schema/context"
	xmlns:p="http://www.springframework.org/schema/p"
	xsi:schemaLocation="http://www.springframework.org/schema/beans http://www.springframework.org/schema/beans/spring-beans-4.3.xsd
		http://www.springframework.org/schema/aop http://www.springframework.org/schema/aop/spring-aop-4.3.xsd
		http://www.springframework.org/schema/context http://www.springframework.org/schema/context/spring-context-4.3.xsd">

<!-- @Required, @Autowired, @Resource -->
<!-- @Resource의 빈도수가 가장 높음 -->
	<context:annotation-config/>	<!-- context: 뒤에 공백 없음! -->
	
	<!-- @Required어노테이션을 이용한 필수 프로퍼티 설정 -->
	<bean id="camera1" class="kr.spring.ch01.Camera">
		<property name="number" value="1"/>
	</bean>
	
	<!-- @Autowired어노테이션을 이용한 자동 설정(객체의 타입이 일치하면 의존 객체 주입) -->
	<bean id="monitor" class="kr.spring.ch02.SystemMonitor"/>
	<bean id="sender" class="kr.spring.ch02.SmsSender"/>
	
	<!-- @Autowired어노테이션 사용시 타입이 같은 객체가 여러 개 존재하면 오류 발생 -->
	<!-- 해결: @Qualifier어노테이션을 이용한 자동 설정 제한 -->
	<bean id="systemMonitor" class="kr.spring.ch03.SystemMonitor2"/>
	<bean id="recorder1" class="kr.spring.ch03.Recorder">
		<qualifier value="main"/>	<!-- main이라는 부가적인 식별자를 부여 -->
	</bean>
	<bean id="recorder2" class="kr.spring.ch03.Recorder"></bean>
	
	<!-- @Resource는 빈 객체의 이름과 프로퍼티명이 일치하면 의존 관계 주입 -->
	<bean id="homeController" class="kr.spring.ch04.HomeController"/>
	<!-- p는 접두사이자 namespace, number라는 프로퍼티에 각각 2,3,4를 넣음 -->
	<bean id="camera2" class="kr.spring.ch04.Camera" p:number="2"/>
	<bean id="cameraZ" class="kr.spring.ch04.Camera" p:number="3"/>
	<bean id="camera4" class="kr.spring.ch04.Camera" p:number="4"/>
	
</beans>